UID,Prediction
1844045271814558464,0
1840349097823778816,0
1488102613362294272,0
555529923942874624,0
1010213070486150912,0
1370869366423076096,0
330376665149701632,0
1927955299575152640,0
1159047042546043392,0
1554054683645373952,0
1676852773276240128,0
1335872516146736128,0
1108136757019277312,0
377730059464573952,0
1023043463617453824,0
1330300438669223424,0
616202901359100928,0
1719969690061707264,0
386429838180140544,0
163503573735491072,0
589002367753259776,0
1624159202162825472,0
1199766196625364480,0
1764959440829781248,0
2052268685839561216,0
491562678034080000,0
246407842196583680,0
1876328185836784128,0
1746196453053390592,0
1881651989321915136,0
338491284569821952,0
2170815315848952064,0
2038568716979398912,0
360728088399126784,0
2216883487142359808,0
41901781976476672,0
686905329240415232,0
677271186488669696,0
1347618836918130688,0
277237181622085632,0
760950293497113600,0
1793332393680035328,0
378300777226062080,0
1497487387535465728,0
1361051871822951424,0
338976759320870144,0
913159217280587264,0
977559178295919872,0
4523455718847744,0
755418612542844416,0
2148415844853340928,0
2276114318132676352,0
1364664850091501312,0
1301317828494920960,0
2165902075055208704,0
1964504578109983232,0
968968271427540480,0
643687902856158208,0
880512070560864512,0
363541090164015360,0
1147624798364392960,0
1084556550171344640,0
630981680482436864,0
750588968104397312,0
753316151520356352,0
651401291282062080,0
48283286553678848,0
104104763763597824,0
1022006555410851840,0
1667960557485808128,0
281465024033803776,0
466623204835317760,0
1667890319712287488,0
355187702600953600,0
72010978690933504,0
73017781092162304,0
1983657415382334976,0
1803045475808785664,0
1542787474276147200,0
1585189182442735616,0
283158534314326272,0
776958106823257344,0
1545736142455725312,0
690104310413503232,0
1023648623133010432,0
1059419707469658112,0
172370305752972288,0
1625960182977361664,0
508945422764850176,0
1292732714929350400,0
1568401440655169792,0
178982592513325312,0
1654524205726731008,0
267528823403864576,0
1968202245182248960,0
1211562213483950336,0
79638253655330304,0
2151575782020284416,0
476961624216748800,0
260349387521736704,0
581501539872343040,0
993503461442204416,0
1027248743176764416,0
165137311055199744,0
3533345089417984,0
2219158690643180032,0
1622884733306547712,0
946282649013854208,0
1129173391686272512,0
1733001364604936704,0
1695770976418940160,0
1053250217402385664,0
1235309451900303616,0
1106043396785155072,0
536647926289091072,0
1655193844786659840,0
70524933037345536,0
1748946971941687296,0
1862347666124983040,0
2166459155435334400,0
2045213614285419264,0
232521676943732992,0
998120933744423680,0
173679606965569024,0
193978920812816896,0
2188384259223079424,0
494749061666263808,0
924469824423228672,0
1205789645900100096,0
1017300487220593408,0
2006138586516131328,0
1504515443317917952,0
1312758449110271488,0
1853665487833538304,0
831943450686305792,0
423058440992274176,0
184525016858597376,0
494394538966882816,0
1060738361083155200,0
1485354231786294784,0
27778026650003968,0
733595445512232704,0
1009810557005056256,0
980610727729065728,0
1425986004904160768,0
1299080718185050368,0
790659129586450688,0
1517548316900963072,0
1566744763723807232,0
807857331159329536,0
2299982562063220224,0
1682466254565241344,0
262818253689757952,0
1828711110149331456,0
2225042256725281536,0
622528956262182912,0
59165627797842944,0
497438250372428032,0
543147287627859712,0
1706522717169469952,0
1542915090327796736,0
1702786468034978816,0
1852804617376154368,0
2185254218565037056,0
661475945407380480,0
699130775314446592,0
1094319702326647808,0
82316772319273728,0
1257631472934505984,0
960005047461166080,0
2128027764515478272,0
1498964858558017024,0
1915409893139630080,0
1866686550566867456,0
203203225286588928,0
1079224374118365440,0
352495040370550272,0
491282515200777216,0
686167439318460928,0
1128772991562473984,0
1730228398580129536,0
1968427098061617664,0
1103705131740259584,0
64416822347923968,0
2217885833231774464,0
2167250636861004800,0
2242275770800952320,0
2266126334407141632,0
1978742790369089536,0
1542987150723255040,0
2220826840750468864,0
1541506211510347520,0
634287763109782016,0
455747272314120960,0
658927248228271616,0
1458407682462294272,0
1136511026789385728,0
369494521152632064,0
811554350824050176,0
875911937319573760,0
985703639316660992,0
1546598697364653312,0
1071931400896084992,0
859790029809587456,0
1101729233274936576,0
710996461688830976,0
1808334488369959168,0
76267191862359808,0
65525965032037888,0
4694017504147968,0
1923886180780226304,0
1197145860818894848,0
974164214365749248,0
2112097526128358656,0
1108857553922843648,0
1996046924655479296,0
1774457163415345408,0
799369436986838016,0
238632024444312576,0
1805805375337737472,0
695439468080698880,0
1366152514280499200,0
1236185329967683328,0
1092117832114169856,0
359668560418249216,0
1095471509772059392,0
2067569398411365888,0
923727381447288576,0
844851999017242368,0
271709329951138048,0
1021735742394800896,0
1780711800523400448,0
1760979376639760640,0
1692057528816558080,0
979665008566428928,0
1956707341461059584,0
1395589435904622848,0
1537118247006047488,0
346696531521072640,0
1130306559398067456,0
1875137486804710144,0
2225071568855988480,0
481137149990092032,0
176738482359543296,0
1091996596998465024,0
1575762982696960,0
867914881808517376,0
2263609246266868480,0
1162345503596949504,0
973112449622264832,0
1047245250274542080,0
389689457439869696,0
932553609223981056,0
142727608983342592,0
298437344745311488,0
1443753763886688768,0
383365531420218112,0
578204289092892672,0
1918051999112010752,0
1339496044770199552,0
1971320413543310592,0
960197664632878592,0
469434130215379712,0
137232741006752256,0
1310572189214387456,0
1590459845471786496,0
1678706479318297344,0
1583539325613188608,0
895713887699915264,0
512897093755495424,0
42024856987164416,0
307987346440101120,0
600108200623927296,0
1283291081539268864,0
1450099375602815232,0
1450522311707225600,0
933406332501298944,0
133287664061047808,0
1537696291980764928,0
267862680825742336,0
1161808287495086592,0
389723577376496128,0
1025967998154655488,0
690711805734673920,0
2156857220096544000,0
958151973008656640,0
1056785467042074112,0
1747342955615616000,0
941373091366296832,0
491343422417419520,0
1236698786830748416,0
979125618094574336,0
1795076874195360512,0
1513855954166818560,0
1282134522503113472,0
1973532956395710464,0
775644317990916352,0
1358454052088393472,0
1705862605736118016,0
227879511558926592,0
1471003530858867456,0
704597655925686528,0
1043183744450066688,0
164650317271099136,0
714894275366523648,0
481709394047369216,0
1274877409512055040,0
1335707883715250944,0
747155017033112064,0
1056389670378464000,0
63391724755830016,0
1545760932050656768,0
28491158231559168,0
550394327296,0
1697432521271716352,0
87805065501789696,0
1948604219697389568,0
132779067809582080,0
1814788872886699520,0
477566301912527360,0
1325877944651719680,0
1322983359941020416,0
1970557978730942464,0
2153503211759485440,0
1989080035320784384,0
337141531512344320,0
1701077801782668800,0
175421713081416704,0
831085425744753408,0
1533606189758362368,0
358240045820402944,0
2251575376764394240,0
1146263721023452672,0
2196101646031750144,0
31653608605096448,0
1024850387904906496,0
1944878118847306240,0
1969288082010274048,0
529629084240014336,0
481869111952843264,0
290543241516236544,0
1642093341127500288,0
1743206817041144832,0
609771784425750528,0
1741871521143107840,0
68041485379800320,0
2047001899330770688,0
1054745333804595712,0
1212634582580076800,0
621142023634652160,0
146300540009963264,0
115629371313644032,0
369182682369918464,0
83303897864160000,0
487326095745811968,0
1565310553100147200,0
47303518804574976,0
1086217149794939648,0
745151203373685248,0
1056913288911452160,0
951744296514517760,0
219745800924266240,0
61177420787547392,0
1283382351637665280,0
1268777368982404096,0
441163682158526208,0
2022197626285565440,0
1832612522200082688,0
1097109381587029760,0
50941630462021632,0
1218671392260863232,0
1125400195079049728,0
1148981571467628032,0
905045499609208832,0
716807141048818176,0
588566925689350400,0
755856710790883328,0
1485539321549600000,0
1993904318856153856,0
31852519464357120,0
201069854593583872,0
1774151863644612096,0
1530263815642852608,0
2073769697603484160,0
357631218499893760,0
824052538773823232,0
602225317744710912,0
1208607403358803968,0
1915899454416908544,0
610678932246741504,0
62628817501510656,0
2015268301926306560,0
2195931359994894848,0
2151344648141044992,0
2133291169113279744,0
410541040250504960,0
2219935138183707904,0
1713016084503123968,0
267988265068359168,0
1701334406749374720,0
486209208056482816,0
579335403597350144,0
1926162375330499328,0
281674297174654720,0
551055225191462400,0
2063448227548717056,0
347093481928557312,0
1087167119986722048,0
1877754039048887040,0
819624486197395200,0
141610585603335936,0
148250719650089728,0
1038584984044814080,0
2295231378435472128,0
298459001502403328,0
1954201116755655680,0
1985723088876339200,0
14771438263879680,0
2101726116481195008,0
1290006719948531712,0
1621586841905304576,0
345236678849886464,0
1041863920391523328,0
1602236194384478464,0
2122811040502972160,0
1730329843960716800,0
841789170299227904,0
2149975519271668224,0
1497300884961507328,0
374019449051769088,0
2245187822733202944,0
1822141692483258880,0
2059278619126914816,0
149813997918102016,0
151250720853639168,0
2174573522325405952,0
1892601197776200960,0
1088772757514419712,0
178472719686493952,0
742165706131249664,0
70642620990174464,0
135116389813529856,0
1890576674690573568,0
1038132191982358784,0
675091883835590912,0
1357027664023847424,0
546285683473174016,0
634111939424370432,0
1126343800338764544,0
1086237702675472640,0
690299585164991232,0
968358156243242752,0
622845889377510656,0
1283240570604206592,0
1189069045073675008,0
1046409909683985408,0
1183563111043194880,0
418492079857292544,0
692948030481516288,0
2004655086958487296,0
1320043581099890432,0
211449060533888256,0
1402109881777965824,0
1256906467367899136,0
196616519236167680,0
1183294336381173504,0
1046403860935020544,0
1470707954426021120,0
527240873556253952,0
2073853353964937216,0
1150831429556964352,0
324009514615095296,0
1966786405693368576,0
148196270610553344,0
2056703618309611520,0
900573205755856640,0
355233178355436800,0
1742554716022156288,0
456372991495555328,0
431473245523282176,0
1287026717930930944,0
1363433550028120320,0
344243667748291584,0
1685522838290689024,0
290328879374202112,0
2079560125299755520,0
103615054270731008,0
1973386577842303744,0
2257434424903768064,0
1225743466098979584,0
2042668899120482304,0
889467386426244096,0
1875060723685155328,0
1531981801323890944,0
2085381224220439296,0
2123016103949358848,0
1978796066671472896,0
1839935552781935616,0
1191962373454537984,0
650133185414311424,0
1132934184864637440,0
1377370936081381120,0
1273026038127895808,0
768879596787112960,0
1418089960745580288,0
1967529030145009920,0
182068074254135552,0
1574433072053300736,0
744190193768740096,0
1839259069752589824,0
685237471830470144,0
1585800958149923328,0
991349090254495488,0
474395911494028544,0
192609905025518592,0
999487243567239424,0
1364934066908207616,0
1715913535985953024,0
1715012058307232000,0
363178660924118272,0
1802751576322103552,0
428777363798065920,0
929269686720225280,0
957127170514657536,0
342349138249339136,0
1167863557700556800,0
539278259637047040,0
723633952764399872,0
50303246702966272,0
2303354286849803008,0
850412378130908672,0
869101078361089280,0
1357337944514902016,0
212776028859809792,0
1528279233407632640,0
891682366044623104,0
1329744071697619712,0
89739518613854976,0
1628094089759315968,0
1799824134231566080,0
488766883345479680,0
2098183120741210112,0
2076434517306136576,0
970853045883471616,0
735444790669794560,0
271754236013052928,0
1806778725741934592,0
827475891649746432,0
1514421207185900032,0
1011843172438663936,0
2198780841317657600,0
1259049623905839360,0
1637039110958932480,0
803824817034047488,0
66248669611168000,0
1750567473280270336,0
291085314225988352,0
892942432738213632,0
2160138730894572288,0
2047961997551416832,0
650087070813940992,0
1516261444972048128,0
982927542378623744,0
1259000239056350208,0
843326311721210368,0
1242052002721511680,0
1602546018428236544,0
827866520690320128,0
1063736926653522432,0
1537307743678130944,0
1603488938429385216,0
4870608815242240,0
510740793721122048,0
862269575218179584,0
27128125449377280,0
1272829193101657344,0
1041946637479842304,0
2295362471841946368,0
257186085435745024,0
2085848677711175936,0
1412584348145452288,0
4687778214534400,0
1924488315139873792,0
435535938061322752,0
1636797172834557696,0
587653715497068800,0
447161819030821120,0
2008984631425581056,0
1359565485178118912,0
844866621794662400,0
1372793012503213056,0
2112381856626769152,0
204639153331454976,0
905412825049004544,0
675878964825784576,0
98845936818338816,0
76915713414257152,0
994627016591351552,0
637176650211507712,0
1003198499046462464,0
691501904713351424,0
1666398680173503744,0
2205894880488859136,0
795482914812992512,0
2282265912168226816,0
964474586255100672,0
836529914864939776,0
835194002936858880,0
153144724871919360,0
764423939165336064,0
1862735976901864192,0
1779093387551921920,0
1174035153404422400,0
985773847760427776,0
1043841920228590336,0
497584819411221504,0
1798554295634347264,0
1529158110558703104,0
459954664829553408,0
453038130278908416,0
193681352960409344,0
1218685611341190144,0
1116966330279417600,0
1988583632784670720,0
1789784765114133248,0
1114359102979651328,0
162445335532569856,0
690853944540715520,0
1927356052990991616,0
1399158673651082752,0
659814460673538304,0
2245080812320178944,0
1145804281140548608,0
344357447960850688,0
1846297118281332992,0
641950228230880000,0
1737084883383341056,0
1667573730879257088,0
1562824343534583552,0
91971549228382720,0
286059125116155648,0
2070168034586590720,0
1969021098742987264,0
858949957175009280,0
1003353585604944640,0
887545238499935232,0
775043054749340416,0
374292030495562240,0
1888154394956002560,0
642169456243004928,0
1637369368067892224,0
1715071585689034240,0
55782446338736128,0
2275823194826050304,0
198721514706079232,0
426535468067937024,0
1076797918324941824,0
1542094455557257728,0
1222288794552098816,0
1001736662658018048,0
1651953500779361280,0
581366580518245888,0
616096258023498752,0
1367883704361842688,0
359908419639207168,0
108713218560378624,0
1464451910264617472,0
44872552381761536,0
1248325590716149248,0
1791073514964917248,0
1080681022727374080,0
1837015160026920960,0
1031470698396381696,0
976092876743266816,0
2108966459899020032,0
1898255950791766784,0
120429924921741056,0
1332289963589067008,0
1405286886477539328,0
1836721826905826560,0
1677215850945456384,0
224275651257585152,0
1079651463546705152,0
1498463592466397952,0
308398645808829952,0
947144101510838528,0
996830107168881152,0
193037644149498368,0
8657228430574080,0
1573166888510754560,0
2037317814172488960,0
802581774448146944,0
745812668324680704,0
1713506163779505664,0
364990637651860480,0
1423750299921141248,0
1065111647206838784,0
292469796423543040,0
1950335418602921728,0
291701763654429184,0
696099831748129792,0
1975765790100139264,0
2149047050478910976,0
991280789317304064,0
1149652895225803008,0
439844842454978816,0
1945350737330072832,0
1875900948292133376,0
1579615934759917824,0
1141907045980231424,0
125546188554977280,0
1057500869823524864,0
518818092097199360,0
1818060557896639488,0
245236145666569728,0
1726784430174349056,0
1177844740590216960,0
1703472135174004736,0
434001328273620480,0
2294124009146785280,0
664770853011369984,0
372037161166484224,0
570404881828560640,0
985898230593399040,0
88616708331973632,0
727644021323207680,0
1921859950886707968,0
1290637529669411840,0
224699939223011072,0
310342167883338240,0
275527461909089280,0
1205708354526205696,0
700990577891560448,0
192700000044917248,0
1962005987152882176,0
148550379663451136,0
2063494342236360960,0
1100171431010448640,0
1171902618236695040,0
164015264960838656,0
1810088966906907136,0
1916480100082018816,0
1869296432765157632,0
2246189308219745536,0
133083510919079168,0
860864668356392192,0
323209729499350272,0
1941837377970787072,0
236650074713352960,0
1874541385956791552,0
957910613470043648,0
223738479001888000,0
456720540701244928,0
57599900396094720,0
1471927692927349760,0
1307095228018893056,0
607070703812265472,0
919366239780275200,0
1988194410618382080,0
805346916636904448,0
176768436139725824,0
1665150404927819776,0
1382132473225120768,0
282430561943194880,0
309846164286473728,0
1032050477916484096,0
62208685302094336,0
156795699945061632,0
437017361363847680,0
1947339210925908736,0
1742899323889282048,0
629367163328945664,0
665594388049152512,0
936540880759569920,0
2293952826980170240,0
1863470498642731776,0
1383835249319162112,0
2213850539712256512,0
494181745260257024,0
1120451971390804480,0
697486265974959360,0
1176864958618128896,0
325584086005621760,0
1695529297152722688,0
24722919026950912,0
75110159801630976,0
811651921139454720,0
1223333906356209664,0
2258182238856910848,0
1432956056066970368,0
664717064553559296,0
665419593791888640,0
611433227048726528,0
715170942224186880,0
1600442423144370944,0
985283467668192768,0
540530634565704960,0
39600907667229696,0
1228480622995821056,0
1260045120580384256,0
1816138262055175936,0
1877215667195459584,0
921055411179549952,0
1135730272359164416,0
477469611204161280,0
1993673061091921920,0
1880228626157166848,0
992406172203776000,0
21130318359894016,0
44677074575281920,0
284471857350923264,0
741956684816807168,0
12863846799702016,0
1940878628338990848,0
1718037080128405760,0
197656948068467456,0
1522805096473916160,0
1813197587300637696,0
1103169144151213568,0
1154063361829341696,0
1490266844040556288,0
2192703420607482368,0
1165230875519287552,0
490021733095928576,0
597078533881248768,0
1519632004313665280,0
509440651766342400,0
621995463077337344,0
271646061209283584,0
564694748449547264,0
2227072627800915712,0
1933009595057202432,0
1532146057129418240,0
726393104081333504,0
162175049329648128,0
1660055000762054400,0
491191097424070400,0
1957905008253125632,0
1133318865040483584,0
174149619077635072,0
1854182507662846976,0
462912128001478400,0
1400763004906600704,0
198349925120945664,0
601229386581752576,0
1754737719755016960,0
1871415389880030720,0
1640189765432418304,0
2155490052316931584,0
538081525529980672,0
1608084533612725504,0
88224935717999360,0
33871637443542272,0
1486956918348918528,0
167008966468000256,0
377534910299262464,0
2122822689281026048,0
1141589615731234560,0
1167188546008772096,0
362510073548821248,0
731863459550118912,0
1603997404724239616,0
1633335530172708096,0
452469086826528000,0
546999545924491776,0
1292103423416339712,0
1276710501904603392,0
1587947018755443712,0
2057952594304403968,0
2006794365969282816,0
1462113550525947136,0
1854475374532229120,0
1333684070587260160,0
2272428609681784064,0
446357458252686080,0
1088976021901700096,0
1848314961497201152,0
975284256550172928,0
1136965795721414144,0
100082201952491520,0
2249684447689257984,0
21324338268595968,0
1755421208382898176,0
733248282259323136,0
657608292827521536,0
1629673131518822656,0
2115300098299953152,0
2202424611238192640,0
1283532990523758080,0
1226284019235358720,0
1993939761172142080,0
1851697127436760320,0
16477366245581056,0
2128038452044856832,0
2010393830505201152,0
1439578513736034048,0
183160218627266560,0
544813214790076672,0
2125093581556416256,0
138747382014822656,0
2295686427686544896,0
530190741873716480,0
2117122534242546944,0
45305616877415680,0
1852159000856554752,0
1621375548570765312,0
333835752418002176,0
1105679856325302272,0
501256347711819520,0
2055316088251874816,0
1673490127597565440,0
304157944545302784,0
2264964458641524480,0
1705875671738024704,0
2137355732099644928,0
771078206645238272,0
1106574871976086528,0
657864812563062272,0
45465779147619328,0
456245588902047488,0
1892971900535695616,0
1548037777155405568,0
1957845257056630784,0
465730850571417856,0
1918505074531873536,0
1198472070974381312,0
545965621153208064,0
1502690766462382848,0
1375100750247357696,0
999637161755751168,0
1923645125099718400,0
518100721837684992,0
2144408804231846912,0
1959199135844044032,0
1884406361553778688,0
364444822651289344,0
338858879912543744,0
1951628757046091264,0
176109284357198592,0
1619465551111544064,0
321347276181250048,0
1013630885324647680,0
520617543540095744,0
2012559314666660864,0
1690998113040414976,0
595862547368113152,0
1104792523826457344,0
476879849178874624,0
1075717649793478912,0
1609762495462468352,0
467567988720943616,0
167127709738266368,0
1942960157741853184,0
1474336389020912640,0
1309576115340294144,0
1414617401227969792,0
25019730898701056,0
942223116532527872,0
952125542993627136,0
2010314005402148096,0
1379184080672545792,0
302827065934957824,0
893231561744308736,0
720860023448209664,0
1740023299133139200,0
1731072718654033664,0
1824013919286879488,0
101920994537826048,0
819114413858027776,0
1185970448009491712,0
2239385650605711616,0
823190102899186176,0
590429751054537216,0
1565917896915594752,0
1428032007537232128,0
1207119882373287936,0
1708236760345806848,0
1813101198298421248,0
1678111545280652288,0
193623826935734016,0
1908372750453142528,0
1202993409211518208,0
1899524556989076736,0
311843507126476800,0
2104753083673527552,0
1843962934020692480,0
2298067679671517696,0
434754542936684288,0
2006749527390570240,0
682441933242756096,0
993625057210535168,0
2010004381465233920,0
369491711204356096,0
1525324407528297216,0
104747458920006912,0
99141046143252224,0
345552628850527744,0
2231913372356778752,0
857264963653157888,0
1352013200965436928,0
1132177167827480576,0
1701746897058770944,0
771088423496277504,0
1384084926052644608,0
937490664792622592,0
1670720363826379776,0
1479881522747186944,0
1032539782741282304,0
1649731225184862976,0
1735233868956147712,0
671822628558084352,0
859578034007764224,0
899898657756472064,0
1872009897965145344,0
2133735398081585408,0
2246556248776775680,0
491536973101991680,0
1943573972829154304,0
2147906205660994560,0
2164923846066224640,0
1563721870925055744,0
1684073329588658176,0
131715964755409152,0
1643166171361251072,0
1275249127071723776,0
867921640948621056,0
1646823569693155328,0
805767501263211008,0
112922596198413056,0
2284731222830713088,0
1060104864064026880,0
502158311395947264,0
1845298675054376960,0
575575306960293632,0
2104469738495482624,0
250551626426939392,0
1791429494332478720,0
1621231247790019840,0
1912815180029169920,0
375809846067890688,0
373818639911270144,0
303776702236537600,0
1274821993469606912,0
299202770829532416,0
1501348141245116416,0
214732265485441536,0
2085060512267891200,0
1381391290763286272,0
1470402030151233536,0
950668979404275968,0
531669294413903360,0
1475754604114312704,0
394236889332140544,0
339360802528945920,0
727795705362441984,0
1425094239327407104,0
242776721967457536,0
1785073050780136448,0
137072219254713344,0
912505248269377536,0
58500290551974400,0
1130168910958162688,0
804344688778730752,0
362206961273355776,0
1315169520472791552,0
452878763062997760,0
465055036394857984,0
965709971268953088,0
2238982510165646080,0
1964444196334329088,0
2007256200594078720,0
526828583699416832,0
1540981690704273408,0
1349444522040055808,0
1133413096035709696,0
1291415738950243072,0
570650017829731328,0
530975783251469056,0
426450014062013184,0
933462337723223040,0
1912272449497683968,0
1705542800836068864,0
1561645830039694592,0
167423039275632128,0
550223432215526912,0
2070458083064405504,0
1530687709678357248,0
155817575847933696,0
1691481374143417088,0
1360582684776717824,0
2216133865496955136,0
1046846372007992832,0
611263349080393728,0
194578655915157248,0
1598289440411740928,0
1127172773503513088,0
257939070122003712,0
532092481111128832,0
2107524568208334336,0
973610194375191552,0
809671222692642816,0
345204484768562432,0
885110918769046016,0
755609677310647296,0
1039098749288391936,0
604414323326110720,0
1451149213308409344,0
1868774937065507584,0
903073209485206016,0
1488578702283954688,0
554616387778575616,0
2269309747602729984,0
895578190084309504,0
804168193820123392,0
170981329063857920,0
302325100836209664,0
769194567705434624,0
1418781060307105792,0
410175604479328256,0
1382933125938829056,0
1551725410102309888,0
1032920421995262208,0
878572798720548352,0
1800504364752341504,0
1588968587900062976,0
972788825869569792,0
2063612317077679360,0
1269890388127473920,0
2235813801134894336,0
672714694306087680,0
2204207392566347008,0
311765467584460288,0
395156431268556544,0
347721666595843328,0
870333422878952960,0
642711580061019648,0
336165031801238784,0
2234179083905362944,0
378828136542772224,0
1762253984987843840,0
299957795741341952,0
1351111312091545600,0
1382569777356185088,0
1080035492221748736,0
1594371354888960,0
688245945495729152,0
2056490367340703488,0
1974887667202392320,0
2225335120490632192,0
1761524687164554496,0
1737897663136374528,0
309398505844176896,0
382872964840497664,0
246531436517374208,0
1672589749058626304,0
1267851731225768960,0
1586614553152286464,0
1671399505821264640,0
1988989045984106752,0
1404725550865997312,0
2280022406996930816,0
776237582919643648,0
1477664730422325760,0
509990308222246656,0
1998439502909422336,0
1015315116505542656,0
1494638141810465024,0
1498589844534265344,0
863485303171686912,0
541679715743514624,0
832673853979475456,0
2082557810851741696,0
382829477481796096,0
2163222939573699072,0
1401834475986089728,0
372927713202759168,0
1842305563950244096,0
634074866009340416,0
1610466906573588736,0
449439190828689920,0
698523756906471424,0
291421510504129024,0
329098598974701824,0
343871052108998912,0
233429308972975104,0
2181535369179730944,0
2249378093310030336,0
1774732971617199872,0
2272255507894621696,0
901402934072836608,0
2153836916487744512,0
436393906877926144,0
1773764876660287488,0
306592185324975104,0
1439626109710780928,0
1508197882536219648,0
1074539444025650176,0
1724877104176937472,0
1692692782737814784,0
82328276969975040,0
131067622201718272,0
2239598145541924352,0
1459886518955944192,0
1071837892195299840,0
218462803964729856,0
917570550543131904,0
455100544617457920,0
1101129855798363904,0
442693413136648192,0
2212970308975624704,0
1849967626461424128,0
1667579777198068480,0
910142396541626112,0
167758073339428352,0
1546243785453356288,0
409859661154961152,0
1995019802940892928,0
1935451036149449728,0
1658779751921136384,0
1575500304739623936,0
932077481310461184,0
917395016896480768,0
738823522816752128,0
292711923594904832,0
1079732063438277120,0
2127846800321747456,0
642856192239233280,0
1585913673487657472,0
372126312075029248,0
1998582894578146816,0
312877141464997632,0
144172614790436608,0
1707840539333534976,0
2191100452307594752,0
1604558663514401792,0
703470154384606720,0
1033416137989115648,0
1871530033077021952,0
1042679905662612736,0
803623457377782016,0
1969707374514761728,0
465496280692012288,0
705380684287143168,0
1812110832172143104,0
1881650999852418816,0
1209814240882119168,0
2028658137135921152,0
1753326173243382528,0
1938554210953378048,0
1382485666790468608,0
1413999373649483264,0
1344374873953410560,0
1915013181804224000,0
1031902925538000896,0
936707064808196864,0
1893892016049295616,0
1061049589159463680,0
331942060323488256,0
1738663455786285056,0
955548803814297856,0
491112410357135360,0
1714497927770960128,0
651751771157717248,0
42190162331748864,0
1749754447388295936,0
119570753600045312,0
120270527167648512,0
1761441581994236672,0
166717398927575296,0
298113936502434560,0
747633486120273152,0
923383263429117184,0
1138459031816085504,0
1893871627544735744,0
1123875638862153984,0
470112949190961920,0
170195657270298880,0
2214082705419324416,0
1076868870418551808,0
1485188261644090880,0
664574953580921600,0
1740717221207697920,0
2118970516400076032,0
1681498178540766464,0
1626295946023634432,0
1238229486577452800,0
670624324609278208,0
2220425259144052992,0
1917769642788034560,0
1349369597851279872,0
92308384799697408,0
11400501954664704,0
1904156286920781312,0
490375646412813056,0
2171051858581012736,0
1845883933986355200,0
1154938561662929920,0
329441940961258752,0
899871367220249344,0
792044840604158976,0
2268723433135709952,0
1098602212877667072,0
1177156935575926016,0
1861257753599528704,0
1494538099660334336,0
523702583392733952,0
1571001634169876992,0
1788800692768545536,0
346664797035345664,0
1937084546883131904,0
1037822219804983296,0
2301291066637468416,0
1480566943854607360,0
243272725686567936,0
1763258452402619392,0
1282807059620024832,0
1530175817739429376,0
550743385303833600,0
821049888778529792,0
296636118621449216,0
1822337494857308672,0
1487953191196218368,0
763555348857806336,0
340957645864574720,0
282102658374551296,0
1699424421765609728,0
1301495961923492352,0
1652065324004928256,0
1877416571308329216,0
450695067030745344,0
176814795233353472,0
319101771649664256,0
2248226760995719424,0
1139702251048661504,0
834822753781537280,0
1618699664748598784,0
436122576663348480,0
2181052937088890624,0
857021134797312,0
1891517985249278208,0
1725663253084110080,0
1283172132275674624,0
1544474222136286976,0
262938690438964480,0
633186185462120448,0
2086564396015768320,0
1576213447964350720,0
1882025231513267712,0
873932890919853824,0
221263516289381888,0
1326679084352594176,0
632062311909548288,0
1950716724769580544,0
2280484330241164288,0
393854925081658880,0
920309540351253760,0
117475250334175744,0
1036472410508381952,0
1848765328227096576,0
1825426348610801152,0
502423574728702464,0
1357007348935163392,0
834796226429968640,0
955933954883769344,0
1230725572027081216,0
1962572069778135296,0
2034297888064056320,0
326713326388542208,0
1702191637413981440,0
573437381942198272,0
661593892777619968,0
1629567450665058560,0
163239262101660928,0
1076494697697259008,0
2070501021919900160,0
271344381993128704,0
744137691914884608,0
1198140021754547200,0
1398822217231693824,0
1511974434487414784,0
184599437194390528,0
1960954059727497728,0
2127216098977625088,0
680004967622790400,0
385106713208392704,0
158977742858666240,0
31684154138463232,0
1810011664511712768,0
597671668341984768,0
892852077242114560,0
1998284348894212608,0
775475424304893696,0
1846614584000608768,0
1801268383035338496,0
249772721279337984,0
32798604082707712,0
856798416689185792,0
1654999822453012736,0
998097286108553984,0
44924466958691328,0
984398927284232192,0
1966719808645614080,0
817323024780839680,0
849039922549515520,0
1894059518327118336,0
1401098169478164480,0
700581282952369920,0
706285232828799232,0
256918014219710976,0
2006225932963976192,0
923325817269559552,0
71422243174482432,0
2196313606629364224,0
1208571457217584128,0
1500982026601833216,0
1275719345708302592,0
1225237680482964480,0
806268027917168128,0
1772347727673670912,0
2131724726280509440,0
353822709609428224,0
1811547426101813248,0
1327426050069668608,0
190562291252599296,0
769077074916497920,0
1097717032091956736,0
1465185123075716608,0
396255239560200448,0
1069302976177283840,0
1498305882026237952,0
716717028519290624,0
1725187619038060288,0
1332876472637668608,0
964416914647849984,0
1841417674085507072,0
619434612285283584,0
525799275082804224,0
1288770711433912576,0
821225763785109248,0
492745442005282304,0
45606888116273408,0
1714640247997533696,0
407000225413087744,0
1481601326362775808,0
69541656704775680,0
809902927402268416,0
1462689469657632000,0
919570627162932992,0
2127859320083603968,0
2252260302841608960,0
1892425837988823296,0
1326990049796382720,0
1801554038408315648,0
1259772265555932928,0
989000422096461824,0
1828813939571998976,0
365232938646179072,0
352391286631963392,0
303889459735849728,0
2057914823131804928,0
777203640616531200,0
2101101769248777216,0
1930955851823460608,0
284174292859718144,0
1998170855477364736,0
1227981780442520832,0
2083345833094771712,0
830050311857705984,0
139472668173689088,0
2286687720943862272,0
2004994805633203200,0
1020046938778459136,0
1075694641733556224,0
1517468667401027840,0
617076451514428160,0
1979663163281872128,0
1292977459676487424,0
2203770940629059328,0
1789669574607630336,0
734281063007680512,0
146552196673632000,0
1281474708788525056,0
841152939885948416,0
1138106326387956224,0
1264030269530725376,0
657732712443467776,0
245459506232105728,0
648939685811961600,0
315355774940946176,0
1469416331924897792,0
1256738728412923136,0
1563310685192601088,0
1704988577667656960,0
209020428345291008,0
356136630761550848,0
1784751920489778944,0
1184931349229117184,0
1324787508748813568,0
7867629522096896,0
1858904752691177984,0
1178460360442868992,0
273506784996398080,0
1017611452581820416,0
497644707534489344,0
1963914511341025024,0
1855132190955578880,0
1550288609337473280,0
1479317713225004288,0
747203595767205120,0
1981083087345341184,0
406080477506992896,0
1704148256341995520,0
549385241558785536,0
1354479646295554816,0
526857066602849792,0
2082071592873259776,0
682481135578782976,0
497018934794185728,0
613907647132675072,0
1490033037702214912,0
159903011768775936,0
549896950990190080,0
2062276567294190848,0
365829429542634240,0
1984496903268629504,0
739451543099728896,0
1547956725464195328,0
1764093093503715584,0
1117056149379809024,0
197207599429842432,0
2282154320454406400,0
125388794401147136,0
1824619131234799872,0
493589662828788224,0
230407108318324736,0
703575390663756032,0
1979754062414483712,0
937530077119436544,0
495935598028940544,0
1689985589645864192,0
924127217316670208,0
1214954420201898752,0
343837350001651712,0
562029556221800704,0
1746596986763986432,0
1226662577175714048,0
280485193782816768,0
2091583394732415744,0
1475968584226851840,0
1882011670560005120,0
1576933994343995648,0
1913097762513085440,0
1992694944696653056,0
1759683535101741056,0
821964626486365184,0
252753169623889408,0
54420516057865472,0
1327606925769642752,0
206821234279820288,0
385215097783209984,0
692987039481578240,0
1122788821890680320,0
690148438623070720,0
444513783966150400,0
1856787992891356928,0
1603299264063313408,0
396986419193858560,0
542822572819340288,0
1424833121625941760,0
1881233572997946368,0
466785502710611456,0
1738081249570845696,0
213677526577169152,0
2058935324262964480,0
782488580183645184,0
2041266558191810304,0
639315082469853952,0
2060903465937402368,0
585500585167161856,0
1492299949869672960,0
731854074925323520,0
2232631532583693312,0
443690645404611072,0
431374190088545536,0
476685382425358080,0
1544323784427650560,0
498574732294276352,0
1100592888617371904,0
1185913971509989632,0
615732939186539776,0
1272425228723618048,0
2001216581688045056,0
1851318268518061056,0
1377789254627156480,0
649444893075606528,0
2031207288994173440,0
1772507233375202304,0
310896405006304512,0
1209340561838724608,0
797771955329024512,0
1708568204356278272,0
272210520801965056,0
2142637146066879488,0
865342017231689216,0
736867151352229888,0
1055909142829073152,0
184823520880727808,0
2146650523198149120,0
1422893434747757312,0
1970273080891595264,0
168786739749012224,0
1304506449674244096,0
1976871076043995904,0
354558444350423552,0
1152479738968656896,0
1753282882731040768,0
1104961241185566208,0
2280982459202335488,0
1802768173060626432,0
117730331755308800,0
1163530138993307648,0
1761318816633476096,0
52208531967272704,0
1319396657279286016,0
2070752362524092160,0
614486933072402432,0
927364179920082944,0
1300421366978202368,0
597722397398175232,0
1531458598510876672,0
1528461597975487232,0
1370428792736465408,0
300109604431632384,0
170798896704970240,0
2093402175343521024,0
290850276822686720,0
1802299662443034624,0
1297743385377593856,0
1690441381596862208,0
185783699463929344,0
1687578287146941952,0
1178427720789401088,0
2114202350846018048,0
2113285017275534336,0
2260761980181373952,0
623823806564153600,0
380196067704666112,0
1450438440400321792,0
587398091154762240,0
1037224436006757120,0
1931092535788218624,0
2131024351592719616,0
670239270762471936,0
778721917501385984,0
95081239597827840,0
1550606684099310848,0
533665366747752192,0
2080197950669961728,0
620096092138266368,0
1850045171650895872,0
1231773404965278720,0
1750991875042817280,0
1006887660547113472,0
255498198660779520,0
1388707283901351168,0
2265694623224145664,0
910221012182425344,0
585503165677991936,0
1291126238208324352,0
104436925833848832,0
1089966849864724224,0
466543927800462080,0
1650922146938649088,0
857088575390823424,0
1391136395364464896,0
1243293207496700672,0
1482045018576349952,0
1607589679822956800,0
2147236772330558976,0
2137159980678683648,0
1860621251525544448,0
1663414509144477184,0
21535606242905600,0
1815058055431016448,0
208653850253220096,0
1929681689003082240,0
1956562291146593280,0
1382388414639680000,0
608088045909605120,0
282971502870172160,0
1081800807125596928,0
1498066588015862272,0
2142383925644076288,0
1366992844205203712,0
772610155133318656,0
1727294168102021120,0
2102016731194379776,0
1209825861640311808,0
1701261690915070464,0
1825543120963572736,0
12047356483572480,0
1413363628240462592,0
292152660623441408,0
1619822812461983744,0
757248310862657024,0
1803253668127781376,0
595622850044473088,0
1645992575331516160,0
2282806818954049024,0
1304136691814935808,0
897829207664290304,0
2167042478229381888,0
1842334842146434048,0
250701901311559936,0
1722610555364689664,0
288776999517952,0
622823951145495808,0
2194412802067159808,0
1927589724275997952,0
936734627732316672,0
65569113009328384,0
1040050793862186240,0
657813792965136384,0
67825824849906688,0
1763544533548869376,0
2055996182740533504,0
1186395105069405696,0
371118173292488192,0
1042752894287279616,0
3564010415373824,0
752921346434543360,0
723271597447467008,0
1637891568720239872,0
971974593290109184,0
2032463148410346752,0
1803378247644368896,0
775150419393161472,0
70974453830900736,0
617969962234406144,0
1877047753777118208,0
543530839664641024,0
854778195862292992,0
219135105793768448,0
1330224527746050048,0
1794405747316267776,0
2277036584642261504,0
2301273294838229504,0
2199798944927136256,0
1080292328562266368,0
1363526153085794816,0
1813326119950623488,0
2114516490407885568,0
1535864076351273984,0
1892453309334790144,0
271053035210369280,0
184872581819380480,0
1126422705415421952,0
1194279385079379456,0
340968338915144192,0
1533696547242326528,0
749388216508232192,0
45885383415631872,0
162142226182479872,0
2017099394157281792,0
205206996307521536,0
531006982599151616,0
313356872055618304,0
991955389541369344,0
2129639892498953472,0
2276911035968384000,0
1832323340317894400,0
2168428592634793472,0
915949740354087936,0
1263371301318498560,0
751995412569136128,0
1336969905285821696,0
1738250866342890240,0
1666790036344513280,0
2260480938379316480,0
707389719196779264,0
1381135916281765376,0
918458773506963200,0
811124694602212096,0
1516792744769673216,0
1550293198362703616,0
887370163978951168,0
2015068277789976064,0
1714868982360298752,0
583705598032882688,0
2227593560441222656,0
454092745873037824,0
1023065647912532992,0
1970344967524224768,0
1122112402481613312,0
737626635486231040,0
1044771900858900992,0
1266324052718525184,0
894585418067354112,0
2279521883771180288,0
1254795609865475584,0
1085695294878320128,0
1172425976434108160,0
1868403214277713152,0
1734804572404635648,0
1493912880486007296,0
406891485455159040,0
44758379527509504,0
662636722090099968,0
1662666929183283968,0
2015536787924756736,0
54783018208254976,0
625917997842026496,0
321554767202216960,0
21565447209981440,0
1393269062120529920,0
1154334435621544960,0
649216682386260224,0
2199829180522725120,0
1274399210212257536,0
764964245980659200,0
792747477932417792,0
558676794964237056,0
2080003706402844416,0
2169688248589799424,0
1467962886493507840,0
1723024282347387648,0
739445869768289536,0
1226103323871855616,0
2089605141032408320,0
1275147076963201792,0
1726977412535269376,0
2153141915256526080,0
2179042741811001088,0
1166791054412820224,0
227803904455505408,0
845957450001371392,0
1187955430494722816,0
1061058993412817152,0
1331189193494867200,0
324492226116236288,0
822261572072051456,0
858029233862822144,0
347646483950545408,0
1820176900461795840,0
1252345980841380864,0
1079344071527608320,0
1616510155384194560,0
1990685859968968704,0
852336227050670848,0
1698609260203881472,0
1045272898256339456,0
1280318792173631744,0
2292663938524846336,0
1929919459239402752,0
266834203525123840,0
142909675582047488,0
1221918192841937408,0
1771867058611320832,0
183257494755336704,0
314508956913620992,0
148432875577290752,0
935916073970298112,0
1634956618729200384,0
404024873178090496,0
141597617796078848,0
1218810318409264896,0
1482192971615137536,0
432478965326522112,0
1871320295932506368,0
202194768697116928,0
248547783962708480,0
2151313124362199552,0
2127815115132966912,0
1720074565006193152,0
1869976623651629056,0
1826536437599602688,0
653057039252939264,0
962042097158991360,0
364433042447622144,0
450613680111056896,0
2161629681056388864,0
1068223716699610368,0
2109556539732895744,0
479226642679488000,0
479672797758973952,0
978434475614246912,0
1572898768299009024,0
2217988428957185536,0
236072825170271232,0
610833270284512256,0
186325213537394432,0
757689071816215552,0
1712135891905419008,0
533222293318088704,0
1746190199741824000,0
215981658825241600,0
33041026885341952,0
1802363902489337600,0
2163568569082110208,0
258647445097117440,0
1251687661571896576,0
145084823606612992,0
1356812641361203456,0
2299047867319582976,0
311673160956073984,0
1091784670275452672,0
1916508734796722176,0
636810313409373952,0
1637849410412568832,0
1027155928044986368,0
2035936897617791232,0
2282028457556659456,0
2043397889951601152,0
1461758292114500864,0
1320868966537052672,0
1080265776132655104,0
586595425278495488,0
1584645414688822528,0
1031302585196549888,0
129233507999783680,0
1455669203783827712,0
1878973493199745280,0
1983114346401723392,0
1624457079344794624,0
692128283662819840,0
2202242417061718528,0
258375901085975040,0
26431558795873024,0
1555609903850447104,0
873191132042828544,0
1750302630695336448,0
2024697027828861184,0
1583731866069621504,0
2080764138935552,0
439531581480269312,0
745078445554232832,0
562464794193625600,0
419684513095898624,0
128837198260332800,0
1444627347016443136,0
1129725858876203008,0
485495751570093312,0
927578212630425088,0
1435484355519461376,0
2182676121184825344,0
1722384032307158016,0
38778217193054464,0
90736117762814976,0
984024455764793600,0
830158226045417984,0
814188008306505728,0
425027942857486848,0
387826734142065664,0
1841408865029396224,0
1646847558078757376,0
1354110328431954688,0
1121927295213833984,0
2222199115262990336,0
1378353148430945792,0
863401143577866752,0
977998590493120256,0
1156583390710156544,0
1663870842821777664,0
1768364695451576064,0
557030660496803840,0
149890117293596160,0
1529963028000184576,0
324456655728127232,0
852240555429787648,0
903685969456838656,0
2021254821586301184,0
1092953403167958528,0
616750318785397504,0
1815717113860178176,0
1340543162181687296,0
809143589439111424,0
790963125284641024,0
621080065703590144,0
2150169842238338560,0
1978588642351161344,0
1539997290466641152,0
1314100178809451008,0
2236035017640993024,0
984974606844799232,0
1247591613595799296,0
1260018088739524864,0
1825826512674708736,0
1869030510587679744,0
429382896526629120,0
296931901238134784,0
615680546050138880,0
1806406648034816000,0
1475775219071959040,0
560172631169953792,0
206444698506010624,0
1595862360559879424,0
879889749720017664,0
242909456443720192,0
138725642700761856,0
1680321200653072640,0
